INSERT INTO `alphabet_talk` (`CHARTALK`, `ALPHABETID`, `FLAG`) VALUES ('กอ','1', '1');
INSERT INTO `alphabet_talk` (`CHARTALK`, `ALPHABETID`, `FLAG`) VALUES ('กอไก่','1', '1');
INSERT INTO `alphabet_talk` (`CHARTALK`, `ALPHABETID`, `FLAG`) VALUES ('ไก่','1', '1');
INSERT INTO `alphabet_talk` (`CHARTALK`, `ALPHABETID`, `FLAG`) VALUES ('ขอ','2', '1');
INSERT INTO `alphabet_talk` (`CHARTALK`, `ALPHABETID`, `FLAG`) VALUES ('ขอไข่','2', '1');
INSERT INTO `alphabet_talk` (`CHARTALK`, `ALPHABETID`, `FLAG`) VALUES ('ไข่','2', '1');
INSERT INTO `alphabet_talk` (`CHARTALK`, `ALPHABETID`, `FLAG`) VALUES ('ขอขวด','3', '1');
INSERT INTO `alphabet_talk` (`CHARTALK`, `ALPHABETID`, `FLAG`) VALUES ('คอ','4', '1');
INSERT INTO `alphabet_talk` (`CHARTALK`, `ALPHABETID`, `FLAG`) VALUES ('คอควาย','4', '1');
INSERT INTO `alphabet_talk` (`CHARTALK`, `ALPHABETID`, `FLAG`) VALUES ('ควาย','4', '1');
INSERT INTO `alphabet_talk` (`CHARTALK`, `ALPHABETID`, `FLAG`) VALUES ('คอคน','5', '1');
INSERT INTO `alphabet_talk` (`CHARTALK`, `ALPHABETID`, `FLAG`) VALUES ('ระฆัง','6', '1');
INSERT INTO `alphabet_talk` (`CHARTALK`, `ALPHABETID`, `FLAG`) VALUES ('หอระฆัง','6', '1');
INSERT INTO `alphabet_talk` (`CHARTALK`, `ALPHABETID`, `FLAG`) VALUES ('งอ','7', '1');
INSERT INTO `alphabet_talk` (`CHARTALK`, `ALPHABETID`, `FLAG`) VALUES ('งองู','7', '1');
INSERT INTO `alphabet_talk` (`CHARTALK`, `ALPHABETID`, `FLAG`) VALUES ('งู','7', '1');
INSERT INTO `alphabet_talk` (`CHARTALK`, `ALPHABETID`, `FLAG`) VALUES ('ฮู','7', '1');
INSERT INTO `alphabet_talk` (`CHARTALK`, `ALPHABETID`, `FLAG`) VALUES ('จอ','8', '1');
INSERT INTO `alphabet_talk` (`CHARTALK`, `ALPHABETID`, `FLAG`) VALUES ('จอจาน','8', '1');
INSERT INTO `alphabet_talk` (`CHARTALK`, `ALPHABETID`, `FLAG`) VALUES ('จาน','8', '1');
INSERT INTO `alphabet_talk` (`CHARTALK`, `ALPHABETID`, `FLAG`) VALUES ('ฉอ','8', '1');
INSERT INTO `alphabet_talk` (`CHARTALK`, `ALPHABETID`, `FLAG`) VALUES ('ฉอฉิ่ง','8', '1');
INSERT INTO `alphabet_talk` (`CHARTALK`, `ALPHABETID`, `FLAG`) VALUES ('ฉฉิ่ง','9', '1');
INSERT INTO `alphabet_talk` (`CHARTALK`, `ALPHABETID`, `FLAG`) VALUES ('ฉิ่ง','9', '1');
INSERT INTO `alphabet_talk` (`CHARTALK`, `ALPHABETID`, `FLAG`) VALUES ('ชอ','10', '1');
INSERT INTO `alphabet_talk` (`CHARTALK`, `ALPHABETID`, `FLAG`) VALUES ('ชอช้าง','10', '1');
INSERT INTO `alphabet_talk` (`CHARTALK`, `ALPHABETID`, `FLAG`) VALUES ('ช้าง','10', '1');
INSERT INTO `alphabet_talk` (`CHARTALK`, `ALPHABETID`, `FLAG`) VALUES ('ซอ','11', '1');
INSERT INTO `alphabet_talk` (`CHARTALK`, `ALPHABETID`, `FLAG`) VALUES ('ซอโซ่','11', '1');
INSERT INTO `alphabet_talk` (`CHARTALK`, `ALPHABETID`, `FLAG`) VALUES ('โซ่','11', '1');
INSERT INTO `alphabet_talk` (`CHARTALK`, `ALPHABETID`, `FLAG`) VALUES ('chaucer','12', '1');
INSERT INTO `alphabet_talk` (`CHARTALK`, `ALPHABETID`, `FLAG`) VALUES ('ชอเชอ','12', '1');
INSERT INTO `alphabet_talk` (`CHARTALK`, `ALPHABETID`, `FLAG`) VALUES ('ชอกระเชอ','12', '1');
INSERT INTO `alphabet_talk` (`CHARTALK`, `ALPHABETID`, `FLAG`) VALUES ('เชอ','12', '1');
INSERT INTO `alphabet_talk` (`CHARTALK`, `ALPHABETID`, `FLAG`) VALUES ('ยอ','13', '1');
INSERT INTO `alphabet_talk` (`CHARTALK`, `ALPHABETID`, `FLAG`) VALUES ('ยอหญิง','13', '1');
INSERT INTO `alphabet_talk` (`CHARTALK`, `ALPHABETID`, `FLAG`) VALUES ('ยอผู้หญิง','13', '1');
INSERT INTO `alphabet_talk` (`CHARTALK`, `ALPHABETID`, `FLAG`) VALUES ('หญิง','13', '1');
INSERT INTO `alphabet_talk` (`CHARTALK`, `ALPHABETID`, `FLAG`) VALUES ('ชะดา','14', '1');
INSERT INTO `alphabet_talk` (`CHARTALK`, `ALPHABETID`, `FLAG`) VALUES ('ดอชะดา','14', '1');
INSERT INTO `alphabet_talk` (`CHARTALK`, `ALPHABETID`, `FLAG`) VALUES ('ตอปะตัก','15', '1');
INSERT INTO `alphabet_talk` (`CHARTALK`, `ALPHABETID`, `FLAG`) VALUES ('ปะตัก','15', '1');
INSERT INTO `alphabet_talk` (`CHARTALK`, `ALPHABETID`, `FLAG`) VALUES ('ท้อฐาน','16', '1');
INSERT INTO `alphabet_talk` (`CHARTALK`, `ALPHABETID`, `FLAG`) VALUES ('ฐาน','16', '1');
INSERT INTO `alphabet_talk` (`CHARTALK`, `ALPHABETID`, `FLAG`) VALUES ('ทอนางมณโท','17', '1');
INSERT INTO `alphabet_talk` (`CHARTALK`, `ALPHABETID`, `FLAG`) VALUES ('นางมณโท','17', '1');
INSERT INTO `alphabet_talk` (`CHARTALK`, `ALPHABETID`, `FLAG`) VALUES ('ทอผู้เฒ่า','18', '1');
INSERT INTO `alphabet_talk` (`CHARTALK`, `ALPHABETID`, `FLAG`) VALUES ('ผู้เฒ่า','18', '1');
INSERT INTO `alphabet_talk` (`CHARTALK`, `ALPHABETID`, `FLAG`) VALUES ('เณร','19', '1');
INSERT INTO `alphabet_talk` (`CHARTALK`, `ALPHABETID`, `FLAG`) VALUES ('เณรเณร','19', '1');
INSERT INTO `alphabet_talk` (`CHARTALK`, `ALPHABETID`, `FLAG`) VALUES ('ดอ','20', '1');
INSERT INTO `alphabet_talk` (`CHARTALK`, `ALPHABETID`, `FLAG`) VALUES ('ดอเด็ก','20', '1');
INSERT INTO `alphabet_talk` (`CHARTALK`, `ALPHABETID`, `FLAG`) VALUES ('เด็ก','20', '1');
INSERT INTO `alphabet_talk` (`CHARTALK`, `ALPHABETID`, `FLAG`) VALUES ('ตอ','21', '1');
INSERT INTO `alphabet_talk` (`CHARTALK`, `ALPHABETID`, `FLAG`) VALUES ('ตอเต่า','21', '1');
INSERT INTO `alphabet_talk` (`CHARTALK`, `ALPHABETID`, `FLAG`) VALUES ('ต่อเต่า','21', '1');
INSERT INTO `alphabet_talk` (`CHARTALK`, `ALPHABETID`, `FLAG`) VALUES ('เต่า','21', '1');
INSERT INTO `alphabet_talk` (`CHARTALK`, `ALPHABETID`, `FLAG`) VALUES ('ถอ','22', '1');
INSERT INTO `alphabet_talk` (`CHARTALK`, `ALPHABETID`, `FLAG`) VALUES ('ถอถุง','22', '1');
INSERT INTO `alphabet_talk` (`CHARTALK`, `ALPHABETID`, `FLAG`) VALUES ('ถุง','22', '1');
INSERT INTO `alphabet_talk` (`CHARTALK`, `ALPHABETID`, `FLAG`) VALUES ('ทอ','23', '1');
INSERT INTO `alphabet_talk` (`CHARTALK`, `ALPHABETID`, `FLAG`) VALUES ('ทอทหาร','23', '1');
INSERT INTO `alphabet_talk` (`CHARTALK`, `ALPHABETID`, `FLAG`) VALUES ('ทหาร','23', '1');
INSERT INTO `alphabet_talk` (`CHARTALK`, `ALPHABETID`, `FLAG`) VALUES ('ธอทง','24', '1');
INSERT INTO `alphabet_talk` (`CHARTALK`, `ALPHABETID`, `FLAG`) VALUES ('ทง','24', '1');
INSERT INTO `alphabet_talk` (`CHARTALK`, `ALPHABETID`, `FLAG`) VALUES ('ธง','24', '1');
INSERT INTO `alphabet_talk` (`CHARTALK`, `ALPHABETID`, `FLAG`) VALUES ('นอ','25', '1');
INSERT INTO `alphabet_talk` (`CHARTALK`, `ALPHABETID`, `FLAG`) VALUES ('นอหนู','25', '1');
INSERT INTO `alphabet_talk` (`CHARTALK`, `ALPHABETID`, `FLAG`) VALUES ('หนู','25', '1');
INSERT INTO `alphabet_talk` (`CHARTALK`, `ALPHABETID`, `FLAG`) VALUES ('บอ','26', '1');
INSERT INTO `alphabet_talk` (`CHARTALK`, `ALPHABETID`, `FLAG`) VALUES ('บอใบไม้','26', '1');
INSERT INTO `alphabet_talk` (`CHARTALK`, `ALPHABETID`, `FLAG`) VALUES ('บอไบไม้','26', '1');
INSERT INTO `alphabet_talk` (`CHARTALK`, `ALPHABETID`, `FLAG`) VALUES ('ไบไม้','26', '1');
INSERT INTO `alphabet_talk` (`CHARTALK`, `ALPHABETID`, `FLAG`) VALUES ('ปอ','27', '1');
INSERT INTO `alphabet_talk` (`CHARTALK`, `ALPHABETID`, `FLAG`) VALUES ('ปอปลา','27', '1');
INSERT INTO `alphabet_talk` (`CHARTALK`, `ALPHABETID`, `FLAG`) VALUES ('ปลา','27', '1');
INSERT INTO `alphabet_talk` (`CHARTALK`, `ALPHABETID`, `FLAG`) VALUES ('ผอ','28', '1');
INSERT INTO `alphabet_talk` (`CHARTALK`, `ALPHABETID`, `FLAG`) VALUES ('ผอผึ่ง','28', '1');
INSERT INTO `alphabet_talk` (`CHARTALK`, `ALPHABETID`, `FLAG`) VALUES ('ผึ่ง','28', '1');
INSERT INTO `alphabet_talk` (`CHARTALK`, `ALPHABETID`, `FLAG`) VALUES ('ฝา','29', '1');
INSERT INTO `alphabet_talk` (`CHARTALK`, `ALPHABETID`, `FLAG`) VALUES ('ฝอ','29', '1');
INSERT INTO `alphabet_talk` (`CHARTALK`, `ALPHABETID`, `FLAG`) VALUES ('ฝอฝา','29', '1');
INSERT INTO `alphabet_talk` (`CHARTALK`, `ALPHABETID`, `FLAG`) VALUES ('ฝฝ','29', '1');
INSERT INTO `alphabet_talk` (`CHARTALK`, `ALPHABETID`, `FLAG`) VALUES ('พอ','30', '1');
INSERT INTO `alphabet_talk` (`CHARTALK`, `ALPHABETID`, `FLAG`) VALUES ('พอพาน','30', '1');
INSERT INTO `alphabet_talk` (`CHARTALK`, `ALPHABETID`, `FLAG`) VALUES ('พาน','30', '1');
INSERT INTO `alphabet_talk` (`CHARTALK`, `ALPHABETID`, `FLAG`) VALUES ('ฟอ','31', '1');
INSERT INTO `alphabet_talk` (`CHARTALK`, `ALPHABETID`, `FLAG`) VALUES ('for fun','31', '1');
INSERT INTO `alphabet_talk` (`CHARTALK`, `ALPHABETID`, `FLAG`) VALUES ('ฟอฟัน','31', '1');
INSERT INTO `alphabet_talk` (`CHARTALK`, `ALPHABETID`, `FLAG`) VALUES ('ฟัน','31', '1');
INSERT INTO `alphabet_talk` (`CHARTALK`, `ALPHABETID`, `FLAG`) VALUES ('พอสาเภา','32', '1');
INSERT INTO `alphabet_talk` (`CHARTALK`, `ALPHABETID`, `FLAG`) VALUES ('พอสำเภา','32', '1');
INSERT INTO `alphabet_talk` (`CHARTALK`, `ALPHABETID`, `FLAG`) VALUES ('สำเภา','32', '1');
INSERT INTO `alphabet_talk` (`CHARTALK`, `ALPHABETID`, `FLAG`) VALUES ('มอ','33', '1');
INSERT INTO `alphabet_talk` (`CHARTALK`, `ALPHABETID`, `FLAG`) VALUES ('มอม้า','33', '1');
INSERT INTO `alphabet_talk` (`CHARTALK`, `ALPHABETID`, `FLAG`) VALUES ('ม้า','33', '1');
INSERT INTO `alphabet_talk` (`CHARTALK`, `ALPHABETID`, `FLAG`) VALUES ('ยอ','34', '1');
INSERT INTO `alphabet_talk` (`CHARTALK`, `ALPHABETID`, `FLAG`) VALUES ('ยอยักษ์','34', '1');
INSERT INTO `alphabet_talk` (`CHARTALK`, `ALPHABETID`, `FLAG`) VALUES ('ยักษ์','34', '1');
INSERT INTO `alphabet_talk` (`CHARTALK`, `ALPHABETID`, `FLAG`) VALUES ('รอ','35', '1');
INSERT INTO `alphabet_talk` (`CHARTALK`, `ALPHABETID`, `FLAG`) VALUES ('รอเรือ','35', '1');
INSERT INTO `alphabet_talk` (`CHARTALK`, `ALPHABETID`, `FLAG`) VALUES ('เรือ','35', '1');
INSERT INTO `alphabet_talk` (`CHARTALK`, `ALPHABETID`, `FLAG`) VALUES ('ลอ','36', '1');
INSERT INTO `alphabet_talk` (`CHARTALK`, `ALPHABETID`, `FLAG`) VALUES ('รอริง','36', '1');
INSERT INTO `alphabet_talk` (`CHARTALK`, `ALPHABETID`, `FLAG`) VALUES ('ลอลิง','36', '1');
INSERT INTO `alphabet_talk` (`CHARTALK`, `ALPHABETID`, `FLAG`) VALUES ('ลิง','36', '1');
INSERT INTO `alphabet_talk` (`CHARTALK`, `ALPHABETID`, `FLAG`) VALUES ('วอ','37', '1');
INSERT INTO `alphabet_talk` (`CHARTALK`, `ALPHABETID`, `FLAG`) VALUES ('วอแหวน','37', '1');
INSERT INTO `alphabet_talk` (`CHARTALK`, `ALPHABETID`, `FLAG`) VALUES ('แหวน','37', '1');
INSERT INTO `alphabet_talk` (`CHARTALK`, `ALPHABETID`, `FLAG`) VALUES ('ศอศาลา','38', '1');
INSERT INTO `alphabet_talk` (`CHARTALK`, `ALPHABETID`, `FLAG`) VALUES ('ศ.ศาลา','38', '1');
INSERT INTO `alphabet_talk` (`CHARTALK`, `ALPHABETID`, `FLAG`) VALUES ('ศาลา','38', '1');
INSERT INTO `alphabet_talk` (`CHARTALK`, `ALPHABETID`, `FLAG`) VALUES ('พระฤาษี','39', '1');
INSERT INTO `alphabet_talk` (`CHARTALK`, `ALPHABETID`, `FLAG`) VALUES ('ฤาษี','39', '1');
INSERT INTO `alphabet_talk` (`CHARTALK`, `ALPHABETID`, `FLAG`) VALUES ('สอเสือ','40', '1');
INSERT INTO `alphabet_talk` (`CHARTALK`, `ALPHABETID`, `FLAG`) VALUES ('เสือ','40', '1');
INSERT INTO `alphabet_talk` (`CHARTALK`, `ALPHABETID`, `FLAG`) VALUES ('หอห*บ','41', '1');
INSERT INTO `alphabet_talk` (`CHARTALK`, `ALPHABETID`, `FLAG`) VALUES ('หอ','41', '1');
INSERT INTO `alphabet_talk` (`CHARTALK`, `ALPHABETID`, `FLAG`) VALUES ('หอหีบ','41', '1');
INSERT INTO `alphabet_talk` (`CHARTALK`, `ALPHABETID`, `FLAG`) VALUES ('หีบ','41', '1');
INSERT INTO `alphabet_talk` (`CHARTALK`, `ALPHABETID`, `FLAG`) VALUES ('จอจุฬา','42', '1');
INSERT INTO `alphabet_talk` (`CHARTALK`, `ALPHABETID`, `FLAG`) VALUES ('รอจุฬา','42', '1');
INSERT INTO `alphabet_talk` (`CHARTALK`, `ALPHABETID`, `FLAG`) VALUES ('จุฬา','42', '1');
INSERT INTO `alphabet_talk` (`CHARTALK`, `ALPHABETID`, `FLAG`) VALUES ('ออ','43', '1');
INSERT INTO `alphabet_talk` (`CHARTALK`, `ALPHABETID`, `FLAG`) VALUES ('อออ่าง','43', '1');
INSERT INTO `alphabet_talk` (`CHARTALK`, `ALPHABETID`, `FLAG`) VALUES ('อ่าง','43', '1');
INSERT INTO `alphabet_talk` (`CHARTALK`, `ALPHABETID`, `FLAG`) VALUES ('ฮอ','44', '1');
INSERT INTO `alphabet_talk` (`CHARTALK`, `ALPHABETID`, `FLAG`) VALUES ('ฮอนกฮูก','44', '1');
INSERT INTO `alphabet_talk` (`CHARTALK`, `ALPHABETID`, `FLAG`) VALUES ('นกฮูก','44', '1');



INSERT INTO `province_talk` (`ID`, `PROVINCETALK_NAME`, `PROVINCETALK_PROVINCE_ID`, `FLAG`) VALUES (NULL, 'กรุงเทพมหานคร','1', '1');
INSERT INTO `province_talk` (`ID`, `PROVINCETALK_NAME`, `PROVINCETALK_PROVINCE_ID`, `FLAG`) VALUES (NULL, 'กรุงเทพ','1', '1');
INSERT INTO `province_talk` (`ID`, `PROVINCETALK_NAME`, `PROVINCETALK_PROVINCE_ID`, `FLAG`) VALUES (NULL, 'กรุงเตบ','1', '1');
INSERT INTO `province_talk` (`ID`, `PROVINCETALK_NAME`, `PROVINCETALK_PROVINCE_ID`, `FLAG`) VALUES (NULL, 'กอทอมอ','1', '1');
INSERT INTO `province_talk` (`ID`, `PROVINCETALK_NAME`, `PROVINCETALK_PROVINCE_ID`, `FLAG`) VALUES (NULL, 'กระบี่','2', '1');
INSERT INTO `province_talk` (`ID`, `PROVINCETALK_NAME`, `PROVINCETALK_PROVINCE_ID`, `FLAG`) VALUES (NULL, 'กาญจนบุรี ','3', '1');
INSERT INTO `province_talk` (`ID`, `PROVINCETALK_NAME`, `PROVINCETALK_PROVINCE_ID`, `FLAG`) VALUES (NULL, 'กาญบุรี','3', '1');
INSERT INTO `province_talk` (`ID`, `PROVINCETALK_NAME`, `PROVINCETALK_PROVINCE_ID`, `FLAG`) VALUES (NULL, 'กาฬสินธุ์ ','4', '1');
INSERT INTO `province_talk` (`ID`, `PROVINCETALK_NAME`, `PROVINCETALK_PROVINCE_ID`, `FLAG`) VALUES (NULL, 'กำแพงเพชร ','5', '1');
INSERT INTO `province_talk` (`ID`, `PROVINCETALK_NAME`, `PROVINCETALK_PROVINCE_ID`, `FLAG`) VALUES (NULL, 'กำแพง','5', '1');
INSERT INTO `province_talk` (`ID`, `PROVINCETALK_NAME`, `PROVINCETALK_PROVINCE_ID`, `FLAG`) VALUES (NULL, 'ขอนแก่น ','6', '1');
INSERT INTO `province_talk` (`ID`, `PROVINCETALK_NAME`, `PROVINCETALK_PROVINCE_ID`, `FLAG`) VALUES (NULL, 'จันทบุรี ','7', '1');
INSERT INTO `province_talk` (`ID`, `PROVINCETALK_NAME`, `PROVINCETALK_PROVINCE_ID`, `FLAG`) VALUES (NULL, 'จันบุรี','7', '1');
INSERT INTO `province_talk` (`ID`, `PROVINCETALK_NAME`, `PROVINCETALK_PROVINCE_ID`, `FLAG`) VALUES (NULL, 'จันทะบุรี','7', '1');
INSERT INTO `province_talk` (`ID`, `PROVINCETALK_NAME`, `PROVINCETALK_PROVINCE_ID`, `FLAG`) VALUES (NULL, 'ฉะเชิงเทรา ','8', '1');
INSERT INTO `province_talk` (`ID`, `PROVINCETALK_NAME`, `PROVINCETALK_PROVINCE_ID`, `FLAG`) VALUES (NULL, 'ชลบุรี ','9', '1');
INSERT INTO `province_talk` (`ID`, `PROVINCETALK_NAME`, `PROVINCETALK_PROVINCE_ID`, `FLAG`) VALUES (NULL, 'ชน','9', '1');
INSERT INTO `province_talk` (`ID`, `PROVINCETALK_NAME`, `PROVINCETALK_PROVINCE_ID`, `FLAG`) VALUES (NULL, 'ชนบุรี','9', '1');
INSERT INTO `province_talk` (`ID`, `PROVINCETALK_NAME`, `PROVINCETALK_PROVINCE_ID`, `FLAG`) VALUES (NULL, 'ชัยนาท ','10', '1');
INSERT INTO `province_talk` (`ID`, `PROVINCETALK_NAME`, `PROVINCETALK_PROVINCE_ID`, `FLAG`) VALUES (NULL, 'ชัยภูมิ ','11', '1');
INSERT INTO `province_talk` (`ID`, `PROVINCETALK_NAME`, `PROVINCETALK_PROVINCE_ID`, `FLAG`) VALUES (NULL, 'ชัยยะภูมิ','11', '1');
INSERT INTO `province_talk` (`ID`, `PROVINCETALK_NAME`, `PROVINCETALK_PROVINCE_ID`, `FLAG`) VALUES (NULL, 'ชุมพร ','12', '1');
INSERT INTO `province_talk` (`ID`, `PROVINCETALK_NAME`, `PROVINCETALK_PROVINCE_ID`, `FLAG`) VALUES (NULL, 'เชียงราย ','13', '1');
INSERT INTO `province_talk` (`ID`, `PROVINCETALK_NAME`, `PROVINCETALK_PROVINCE_ID`, `FLAG`) VALUES (NULL, 'เจียงฮาย','13', '1');
INSERT INTO `province_talk` (`ID`, `PROVINCETALK_NAME`, `PROVINCETALK_PROVINCE_ID`, `FLAG`) VALUES (NULL, 'เชียงใหม่ ','14', '1');
INSERT INTO `province_talk` (`ID`, `PROVINCETALK_NAME`, `PROVINCETALK_PROVINCE_ID`, `FLAG`) VALUES (NULL, 'เจียงใหม่','14', '1');
INSERT INTO `province_talk` (`ID`, `PROVINCETALK_NAME`, `PROVINCETALK_PROVINCE_ID`, `FLAG`) VALUES (NULL, 'ตรัง','15', '1');
INSERT INTO `province_talk` (`ID`, `PROVINCETALK_NAME`, `PROVINCETALK_PROVINCE_ID`, `FLAG`) VALUES (NULL, 'ตัง','15', '1');
INSERT INTO `province_talk` (`ID`, `PROVINCETALK_NAME`, `PROVINCETALK_PROVINCE_ID`, `FLAG`) VALUES (NULL, 'ตราด','16', '1');
INSERT INTO `province_talk` (`ID`, `PROVINCETALK_NAME`, `PROVINCETALK_PROVINCE_ID`, `FLAG`) VALUES (NULL, 'ตาด','16', '1');
INSERT INTO `province_talk` (`ID`, `PROVINCETALK_NAME`, `PROVINCETALK_PROVINCE_ID`, `FLAG`) VALUES (NULL, 'ตาก ','17', '1');
INSERT INTO `province_talk` (`ID`, `PROVINCETALK_NAME`, `PROVINCETALK_PROVINCE_ID`, `FLAG`) VALUES (NULL, 'นครนายก ','18', '1');
INSERT INTO `province_talk` (`ID`, `PROVINCETALK_NAME`, `PROVINCETALK_PROVINCE_ID`, `FLAG`) VALUES (NULL, 'นครปฐม ','19', '1');
INSERT INTO `province_talk` (`ID`, `PROVINCETALK_NAME`, `PROVINCETALK_PROVINCE_ID`, `FLAG`) VALUES (NULL, 'นครพนม ','20', '1');
INSERT INTO `province_talk` (`ID`, `PROVINCETALK_NAME`, `PROVINCETALK_PROVINCE_ID`, `FLAG`) VALUES (NULL, 'นครราชสีมา  ','21', '1');
INSERT INTO `province_talk` (`ID`, `PROVINCETALK_NAME`, `PROVINCETALK_PROVINCE_ID`, `FLAG`) VALUES (NULL, 'โคราช','21', '1');
INSERT INTO `province_talk` (`ID`, `PROVINCETALK_NAME`, `PROVINCETALK_PROVINCE_ID`, `FLAG`) VALUES (NULL, 'นครศรีธรรมราช','22', '1');
INSERT INTO `province_talk` (`ID`, `PROVINCETALK_NAME`, `PROVINCETALK_PROVINCE_ID`, `FLAG`) VALUES (NULL, 'นครศรี','22', '1');
INSERT INTO `province_talk` (`ID`, `PROVINCETALK_NAME`, `PROVINCETALK_PROVINCE_ID`, `FLAG`) VALUES (NULL, 'นครสวรรค์ ','23', '1');
INSERT INTO `province_talk` (`ID`, `PROVINCETALK_NAME`, `PROVINCETALK_PROVINCE_ID`, `FLAG`) VALUES (NULL, 'นนทบุรี','24', '1');
INSERT INTO `province_talk` (`ID`, `PROVINCETALK_NAME`, `PROVINCETALK_PROVINCE_ID`, `FLAG`) VALUES (NULL, 'นนบุรี','24', '1');
INSERT INTO `province_talk` (`ID`, `PROVINCETALK_NAME`, `PROVINCETALK_PROVINCE_ID`, `FLAG`) VALUES (NULL, 'นน','24', '1');
INSERT INTO `province_talk` (`ID`, `PROVINCETALK_NAME`, `PROVINCETALK_PROVINCE_ID`, `FLAG`) VALUES (NULL, 'นราธิวาส ','25', '1');
INSERT INTO `province_talk` (`ID`, `PROVINCETALK_NAME`, `PROVINCETALK_PROVINCE_ID`, `FLAG`) VALUES (NULL, 'นรา','25', '1');
INSERT INTO `province_talk` (`ID`, `PROVINCETALK_NAME`, `PROVINCETALK_PROVINCE_ID`, `FLAG`) VALUES (NULL, 'นารา','25', '1');
INSERT INTO `province_talk` (`ID`, `PROVINCETALK_NAME`, `PROVINCETALK_PROVINCE_ID`, `FLAG`) VALUES (NULL, 'น่าน ','26', '1');
INSERT INTO `province_talk` (`ID`, `PROVINCETALK_NAME`, `PROVINCETALK_PROVINCE_ID`, `FLAG`) VALUES (NULL, 'บึงกาฬ ','27', '1');
INSERT INTO `province_talk` (`ID`, `PROVINCETALK_NAME`, `PROVINCETALK_PROVINCE_ID`, `FLAG`) VALUES (NULL, 'บุรีรัมย์ ','28', '1');
INSERT INTO `province_talk` (`ID`, `PROVINCETALK_NAME`, `PROVINCETALK_PROVINCE_ID`, `FLAG`) VALUES (NULL, 'ปทุมธานี','29', '1');
INSERT INTO `province_talk` (`ID`, `PROVINCETALK_NAME`, `PROVINCETALK_PROVINCE_ID`, `FLAG`) VALUES (NULL, 'ปะทุม','29', '1');
INSERT INTO `province_talk` (`ID`, `PROVINCETALK_NAME`, `PROVINCETALK_PROVINCE_ID`, `FLAG`) VALUES (NULL, 'ประจวบคีรีขันธ์ ','30', '1');
INSERT INTO `province_talk` (`ID`, `PROVINCETALK_NAME`, `PROVINCETALK_PROVINCE_ID`, `FLAG`) VALUES (NULL, 'ประจวบ','30', '1');
INSERT INTO `province_talk` (`ID`, `PROVINCETALK_NAME`, `PROVINCETALK_PROVINCE_ID`, `FLAG`) VALUES (NULL, 'ปราจีนบุรี ','31', '1');
INSERT INTO `province_talk` (`ID`, `PROVINCETALK_NAME`, `PROVINCETALK_PROVINCE_ID`, `FLAG`) VALUES (NULL, 'ปราจีน','31', '1');
INSERT INTO `province_talk` (`ID`, `PROVINCETALK_NAME`, `PROVINCETALK_PROVINCE_ID`, `FLAG`) VALUES (NULL, 'ปาจีน','31', '1');
INSERT INTO `province_talk` (`ID`, `PROVINCETALK_NAME`, `PROVINCETALK_PROVINCE_ID`, `FLAG`) VALUES (NULL, 'ปัตตานี ','32', '1');
INSERT INTO `province_talk` (`ID`, `PROVINCETALK_NAME`, `PROVINCETALK_PROVINCE_ID`, `FLAG`) VALUES (NULL, 'พระนครศรีอยุธยา ','33', '1');
INSERT INTO `province_talk` (`ID`, `PROVINCETALK_NAME`, `PROVINCETALK_PROVINCE_ID`, `FLAG`) VALUES (NULL, 'อยุดทะยา','33', '1');
INSERT INTO `province_talk` (`ID`, `PROVINCETALK_NAME`, `PROVINCETALK_PROVINCE_ID`, `FLAG`) VALUES (NULL, 'อยุดยา','33', '1');
INSERT INTO `province_talk` (`ID`, `PROVINCETALK_NAME`, `PROVINCETALK_PROVINCE_ID`, `FLAG`) VALUES (NULL, 'พังงา ','34', '1');
INSERT INTO `province_talk` (`ID`, `PROVINCETALK_NAME`, `PROVINCETALK_PROVINCE_ID`, `FLAG`) VALUES (NULL, 'พัทลุง ','35', '1');
INSERT INTO `province_talk` (`ID`, `PROVINCETALK_NAME`, `PROVINCETALK_PROVINCE_ID`, `FLAG`) VALUES (NULL, 'พัทะลุง','35', '1');
INSERT INTO `province_talk` (`ID`, `PROVINCETALK_NAME`, `PROVINCETALK_PROVINCE_ID`, `FLAG`) VALUES (NULL, 'พัดลุง','35', '1');
INSERT INTO `province_talk` (`ID`, `PROVINCETALK_NAME`, `PROVINCETALK_PROVINCE_ID`, `FLAG`) VALUES (NULL, 'พิจิตร ','36', '1');
INSERT INTO `province_talk` (`ID`, `PROVINCETALK_NAME`, `PROVINCETALK_PROVINCE_ID`, `FLAG`) VALUES (NULL, 'พิษณุโลก ','37', '1');
INSERT INTO `province_talk` (`ID`, `PROVINCETALK_NAME`, `PROVINCETALK_PROVINCE_ID`, `FLAG`) VALUES (NULL, 'พิดโลก','37', '1');
INSERT INTO `province_talk` (`ID`, `PROVINCETALK_NAME`, `PROVINCETALK_PROVINCE_ID`, `FLAG`) VALUES (NULL, 'เพชรบุรี ','38', '1');
INSERT INTO `province_talk` (`ID`, `PROVINCETALK_NAME`, `PROVINCETALK_PROVINCE_ID`, `FLAG`) VALUES (NULL, 'เพชรชะบุรี','38', '1');
INSERT INTO `province_talk` (`ID`, `PROVINCETALK_NAME`, `PROVINCETALK_PROVINCE_ID`, `FLAG`) VALUES (NULL, 'เพ็ดบุรี','38', '1');
INSERT INTO `province_talk` (`ID`, `PROVINCETALK_NAME`, `PROVINCETALK_PROVINCE_ID`, `FLAG`) VALUES (NULL, 'เพชรบูรณ์ ','39', '1');
INSERT INTO `province_talk` (`ID`, `PROVINCETALK_NAME`, `PROVINCETALK_PROVINCE_ID`, `FLAG`) VALUES (NULL, 'แพร่ ','40', '1');
INSERT INTO `province_talk` (`ID`, `PROVINCETALK_NAME`, `PROVINCETALK_PROVINCE_ID`, `FLAG`) VALUES (NULL, 'พะเยา ','41', '1');
INSERT INTO `province_talk` (`ID`, `PROVINCETALK_NAME`, `PROVINCETALK_PROVINCE_ID`, `FLAG`) VALUES (NULL, 'ภูเก็ต ','42', '1');
INSERT INTO `province_talk` (`ID`, `PROVINCETALK_NAME`, `PROVINCETALK_PROVINCE_ID`, `FLAG`) VALUES (NULL, 'มหาสารคาม ','43', '1');
INSERT INTO `province_talk` (`ID`, `PROVINCETALK_NAME`, `PROVINCETALK_PROVINCE_ID`, `FLAG`) VALUES (NULL, 'สาระคาม','43', '1');
INSERT INTO `province_talk` (`ID`, `PROVINCETALK_NAME`, `PROVINCETALK_PROVINCE_ID`, `FLAG`) VALUES (NULL, 'มุกดาหาร ','44', '1');
INSERT INTO `province_talk` (`ID`, `PROVINCETALK_NAME`, `PROVINCETALK_PROVINCE_ID`, `FLAG`) VALUES (NULL, 'แม่ฮ่องสอน ','45', '1');
INSERT INTO `province_talk` (`ID`, `PROVINCETALK_NAME`, `PROVINCETALK_PROVINCE_ID`, `FLAG`) VALUES (NULL, 'ยะลา ','46', '1');
INSERT INTO `province_talk` (`ID`, `PROVINCETALK_NAME`, `PROVINCETALK_PROVINCE_ID`, `FLAG`) VALUES (NULL, 'ยโสธร ','47', '1');
INSERT INTO `province_talk` (`ID`, `PROVINCETALK_NAME`, `PROVINCETALK_PROVINCE_ID`, `FLAG`) VALUES (NULL, 'ยะโส','47', '1');
INSERT INTO `province_talk` (`ID`, `PROVINCETALK_NAME`, `PROVINCETALK_PROVINCE_ID`, `FLAG`) VALUES (NULL, 'ร้อยเอ็ด ','48', '1');
INSERT INTO `province_talk` (`ID`, `PROVINCETALK_NAME`, `PROVINCETALK_PROVINCE_ID`, `FLAG`) VALUES (NULL, 'ระนอง ','49', '1');
INSERT INTO `province_talk` (`ID`, `PROVINCETALK_NAME`, `PROVINCETALK_PROVINCE_ID`, `FLAG`) VALUES (NULL, 'ระยอง ','50', '1');
INSERT INTO `province_talk` (`ID`, `PROVINCETALK_NAME`, `PROVINCETALK_PROVINCE_ID`, `FLAG`) VALUES (NULL, 'ราชบุรี ','51', '1');
INSERT INTO `province_talk` (`ID`, `PROVINCETALK_NAME`, `PROVINCETALK_PROVINCE_ID`, `FLAG`) VALUES (NULL, 'ราดชะบุรี','51', '1');
INSERT INTO `province_talk` (`ID`, `PROVINCETALK_NAME`, `PROVINCETALK_PROVINCE_ID`, `FLAG`) VALUES (NULL, 'ราดบุรี','51', '1');
INSERT INTO `province_talk` (`ID`, `PROVINCETALK_NAME`, `PROVINCETALK_PROVINCE_ID`, `FLAG`) VALUES (NULL, 'ราชรี','51', '1');
INSERT INTO `province_talk` (`ID`, `PROVINCETALK_NAME`, `PROVINCETALK_PROVINCE_ID`, `FLAG`) VALUES (NULL, 'ลพบุรี ','52', '1');
INSERT INTO `province_talk` (`ID`, `PROVINCETALK_NAME`, `PROVINCETALK_PROVINCE_ID`, `FLAG`) VALUES (NULL, 'ลำปาง ','53', '1');
INSERT INTO `province_talk` (`ID`, `PROVINCETALK_NAME`, `PROVINCETALK_PROVINCE_ID`, `FLAG`) VALUES (NULL, 'ลำพูน ','54', '1');
INSERT INTO `province_talk` (`ID`, `PROVINCETALK_NAME`, `PROVINCETALK_PROVINCE_ID`, `FLAG`) VALUES (NULL, 'เลย ','55', '1');
INSERT INTO `province_talk` (`ID`, `PROVINCETALK_NAME`, `PROVINCETALK_PROVINCE_ID`, `FLAG`) VALUES (NULL, 'ศรีสะเกษ ','56', '1');
INSERT INTO `province_talk` (`ID`, `PROVINCETALK_NAME`, `PROVINCETALK_PROVINCE_ID`, `FLAG`) VALUES (NULL, 'สกลนคร ','57', '1');
INSERT INTO `province_talk` (`ID`, `PROVINCETALK_NAME`, `PROVINCETALK_PROVINCE_ID`, `FLAG`) VALUES (NULL, 'สะกล','57', '1');
INSERT INTO `province_talk` (`ID`, `PROVINCETALK_NAME`, `PROVINCETALK_PROVINCE_ID`, `FLAG`) VALUES (NULL, 'สงขลา ','58', '1');
INSERT INTO `province_talk` (`ID`, `PROVINCETALK_NAME`, `PROVINCETALK_PROVINCE_ID`, `FLAG`) VALUES (NULL, 'สตูล ','59', '1');
INSERT INTO `province_talk` (`ID`, `PROVINCETALK_NAME`, `PROVINCETALK_PROVINCE_ID`, `FLAG`) VALUES (NULL, 'สมุทรปราการ ','60', '1');
INSERT INTO `province_talk` (`ID`, `PROVINCETALK_NAME`, `PROVINCETALK_PROVINCE_ID`, `FLAG`) VALUES (NULL, 'สมุทรสงคราม ','61', '1');
INSERT INTO `province_talk` (`ID`, `PROVINCETALK_NAME`, `PROVINCETALK_PROVINCE_ID`, `FLAG`) VALUES (NULL, 'สมุทรสาคร ','62', '1');
INSERT INTO `province_talk` (`ID`, `PROVINCETALK_NAME`, `PROVINCETALK_PROVINCE_ID`, `FLAG`) VALUES (NULL, 'สระแก้ว ','63', '1');
INSERT INTO `province_talk` (`ID`, `PROVINCETALK_NAME`, `PROVINCETALK_PROVINCE_ID`, `FLAG`) VALUES (NULL, 'สระบุรี ','64', '1');
INSERT INTO `province_talk` (`ID`, `PROVINCETALK_NAME`, `PROVINCETALK_PROVINCE_ID`, `FLAG`) VALUES (NULL, 'สิงห์บุรี ','65', '1');
INSERT INTO `province_talk` (`ID`, `PROVINCETALK_NAME`, `PROVINCETALK_PROVINCE_ID`, `FLAG`) VALUES (NULL, 'สิง','65', '1');
INSERT INTO `province_talk` (`ID`, `PROVINCETALK_NAME`, `PROVINCETALK_PROVINCE_ID`, `FLAG`) VALUES (NULL, 'สุโขทัย ','66', '1');
INSERT INTO `province_talk` (`ID`, `PROVINCETALK_NAME`, `PROVINCETALK_PROVINCE_ID`, `FLAG`) VALUES (NULL, 'สุพรรณบุรี ','67', '1');
INSERT INTO `province_talk` (`ID`, `PROVINCETALK_NAME`, `PROVINCETALK_PROVINCE_ID`, `FLAG`) VALUES (NULL, 'สุพรรณ','67', '1');
INSERT INTO `province_talk` (`ID`, `PROVINCETALK_NAME`, `PROVINCETALK_PROVINCE_ID`, `FLAG`) VALUES (NULL, 'สุราษฎร์ธานี ','68', '1');
INSERT INTO `province_talk` (`ID`, `PROVINCETALK_NAME`, `PROVINCETALK_PROVINCE_ID`, `FLAG`) VALUES (NULL, 'สุราด','68', '1');
INSERT INTO `province_talk` (`ID`, `PROVINCETALK_NAME`, `PROVINCETALK_PROVINCE_ID`, `FLAG`) VALUES (NULL, 'สุรินทร์ ','69', '1');
INSERT INTO `province_talk` (`ID`, `PROVINCETALK_NAME`, `PROVINCETALK_PROVINCE_ID`, `FLAG`) VALUES (NULL, 'หนองคาย ','70', '1');
INSERT INTO `province_talk` (`ID`, `PROVINCETALK_NAME`, `PROVINCETALK_PROVINCE_ID`, `FLAG`) VALUES (NULL, 'หนองบัวลำภู ','71', '1');
INSERT INTO `province_talk` (`ID`, `PROVINCETALK_NAME`, `PROVINCETALK_PROVINCE_ID`, `FLAG`) VALUES (NULL, 'หนองบัว','71', '1');
INSERT INTO `province_talk` (`ID`, `PROVINCETALK_NAME`, `PROVINCETALK_PROVINCE_ID`, `FLAG`) VALUES (NULL, 'อ่างทอง ','72', '1');
INSERT INTO `province_talk` (`ID`, `PROVINCETALK_NAME`, `PROVINCETALK_PROVINCE_ID`, `FLAG`) VALUES (NULL, 'อุดรธานี ','73', '1');
INSERT INTO `province_talk` (`ID`, `PROVINCETALK_NAME`, `PROVINCETALK_PROVINCE_ID`, `FLAG`) VALUES (NULL, 'อุดร','73', '1');
INSERT INTO `province_talk` (`ID`, `PROVINCETALK_NAME`, `PROVINCETALK_PROVINCE_ID`, `FLAG`) VALUES (NULL, 'อุทัยธานี ','74', '1');
INSERT INTO `province_talk` (`ID`, `PROVINCETALK_NAME`, `PROVINCETALK_PROVINCE_ID`, `FLAG`) VALUES (NULL, 'อุทัย','74', '1');
INSERT INTO `province_talk` (`ID`, `PROVINCETALK_NAME`, `PROVINCETALK_PROVINCE_ID`, `FLAG`) VALUES (NULL, 'อุตรดิตถ์ ','75', '1');
INSERT INTO `province_talk` (`ID`, `PROVINCETALK_NAME`, `PROVINCETALK_PROVINCE_ID`, `FLAG`) VALUES (NULL, 'อุบลราชธานี ','76', '1');
INSERT INTO `province_talk` (`ID`, `PROVINCETALK_NAME`, `PROVINCETALK_PROVINCE_ID`, `FLAG`) VALUES (NULL, 'อุบล','76', '1');
INSERT INTO `province_talk` (`ID`, `PROVINCETALK_NAME`, `PROVINCETALK_PROVINCE_ID`, `FLAG`) VALUES (NULL, 'อำนาจเจริญ','77', '1');
INSERT INTO `province_talk` (`ID`, `PROVINCETALK_NAME`, `PROVINCETALK_PROVINCE_ID`, `FLAG`) VALUES (NULL, 'อำนาจ','77', '1');

INSERT INTO `province` (`ID`, `PROVINCE_NAME`) VALUES ('1', 'กรุงเทพมหานคร');
INSERT INTO `province` (`ID`, `PROVINCE_NAME`) VALUES ('2', 'กระบี่');
INSERT INTO `province` (`ID`, `PROVINCE_NAME`) VALUES ('3', 'กาญจนบุรี ');
INSERT INTO `province` (`ID`, `PROVINCE_NAME`) VALUES ('4', 'กาฬสินธุ์ ');
INSERT INTO `province` (`ID`, `PROVINCE_NAME`) VALUES ('5', 'กำแพงเพชร ');
INSERT INTO `province` (`ID`, `PROVINCE_NAME`) VALUES ('6', 'ขอนแก่น ');
INSERT INTO `province` (`ID`, `PROVINCE_NAME`) VALUES ('7', 'จันทบุรี ');
INSERT INTO `province` (`ID`, `PROVINCE_NAME`) VALUES ('8', 'ฉะเชิงเทรา ');
INSERT INTO `province` (`ID`, `PROVINCE_NAME`) VALUES ('9', 'ชลบุรี ');
INSERT INTO `province` (`ID`, `PROVINCE_NAME`) VALUES ('10', 'ชัยนาท ');
INSERT INTO `province` (`ID`, `PROVINCE_NAME`) VALUES ('11', 'ชัยภูมิ ');
INSERT INTO `province` (`ID`, `PROVINCE_NAME`) VALUES ('12', 'ชุมพร ');
INSERT INTO `province` (`ID`, `PROVINCE_NAME`) VALUES ('13', 'เชียงราย ');
INSERT INTO `province` (`ID`, `PROVINCE_NAME`) VALUES ('14', 'เชียงใหม่ ');
INSERT INTO `province` (`ID`, `PROVINCE_NAME`) VALUES ('15', 'ตรัง');
INSERT INTO `province` (`ID`, `PROVINCE_NAME`) VALUES ('16', 'ตราด');
INSERT INTO `province` (`ID`, `PROVINCE_NAME`) VALUES ('17', 'ตาก ');
INSERT INTO `province` (`ID`, `PROVINCE_NAME`) VALUES ('18', 'นครนายก ');
INSERT INTO `province` (`ID`, `PROVINCE_NAME`) VALUES ('19', 'นครปฐม ');
INSERT INTO `province` (`ID`, `PROVINCE_NAME`) VALUES ('20', 'นครพนม ');
INSERT INTO `province` (`ID`, `PROVINCE_NAME`) VALUES ('21', 'นครราชสีมา  ');
INSERT INTO `province` (`ID`, `PROVINCE_NAME`) VALUES ('22', 'นครศรีธรรมราช');
INSERT INTO `province` (`ID`, `PROVINCE_NAME`) VALUES ('23', 'นครสวรรค์ ');
INSERT INTO `province` (`ID`, `PROVINCE_NAME`) VALUES ('24', 'นนทบุรี');
INSERT INTO `province` (`ID`, `PROVINCE_NAME`) VALUES ('25', 'นราธิวาส ');
INSERT INTO `province` (`ID`, `PROVINCE_NAME`) VALUES ('26', 'น่าน ');
INSERT INTO `province` (`ID`, `PROVINCE_NAME`) VALUES ('27', 'บึงกาฬ ');
INSERT INTO `province` (`ID`, `PROVINCE_NAME`) VALUES ('28', 'บุรีรัมย์ ');
INSERT INTO `province` (`ID`, `PROVINCE_NAME`) VALUES ('29', 'ปทุมธานี');
INSERT INTO `province` (`ID`, `PROVINCE_NAME`) VALUES ('30', 'ประจวบคีรีขันธ์ ');
INSERT INTO `province` (`ID`, `PROVINCE_NAME`) VALUES ('31', 'ปราจีนบุรี ');
INSERT INTO `province` (`ID`, `PROVINCE_NAME`) VALUES ('32', 'ปัตตานี ');
INSERT INTO `province` (`ID`, `PROVINCE_NAME`) VALUES ('33', 'พระนครศรีอยุธยา ');
INSERT INTO `province` (`ID`, `PROVINCE_NAME`) VALUES ('34', 'พังงา ');
INSERT INTO `province` (`ID`, `PROVINCE_NAME`) VALUES ('35', 'พัทลุง ');
INSERT INTO `province` (`ID`, `PROVINCE_NAME`) VALUES ('36', 'พิจิตร ');
INSERT INTO `province` (`ID`, `PROVINCE_NAME`) VALUES ('37', 'พิษณุโลก ');
INSERT INTO `province` (`ID`, `PROVINCE_NAME`) VALUES ('38', 'เพชรบุรี ');
INSERT INTO `province` (`ID`, `PROVINCE_NAME`) VALUES ('39', 'เพชรบูรณ์ ');
INSERT INTO `province` (`ID`, `PROVINCE_NAME`) VALUES ('40', 'แพร่ ');
INSERT INTO `province` (`ID`, `PROVINCE_NAME`) VALUES ('41', 'พะเยา ');
INSERT INTO `province` (`ID`, `PROVINCE_NAME`) VALUES ('42', 'ภูเก็ต ');
INSERT INTO `province` (`ID`, `PROVINCE_NAME`) VALUES ('43', 'มหาสารคาม ');
INSERT INTO `province` (`ID`, `PROVINCE_NAME`) VALUES ('44', 'มุกดาหาร ');
INSERT INTO `province` (`ID`, `PROVINCE_NAME`) VALUES ('45', 'แม่ฮ่องสอน ');
INSERT INTO `province` (`ID`, `PROVINCE_NAME`) VALUES ('46', 'ยะลา ');
INSERT INTO `province` (`ID`, `PROVINCE_NAME`) VALUES ('47', 'ยโสธร ');
INSERT INTO `province` (`ID`, `PROVINCE_NAME`) VALUES ('48', 'ร้อยเอ็ด ');
INSERT INTO `province` (`ID`, `PROVINCE_NAME`) VALUES ('49', 'ระนอง ');
INSERT INTO `province` (`ID`, `PROVINCE_NAME`) VALUES ('50', 'ระยอง ');
INSERT INTO `province` (`ID`, `PROVINCE_NAME`) VALUES ('51', 'ราชบุรี ');
INSERT INTO `province` (`ID`, `PROVINCE_NAME`) VALUES ('52', 'ลพบุรี ');
INSERT INTO `province` (`ID`, `PROVINCE_NAME`) VALUES ('53', 'ลำปาง ');
INSERT INTO `province` (`ID`, `PROVINCE_NAME`) VALUES ('54', 'ลำพูน ');
INSERT INTO `province` (`ID`, `PROVINCE_NAME`) VALUES ('55', 'เลย ');
INSERT INTO `province` (`ID`, `PROVINCE_NAME`) VALUES ('56', 'ศรีสะเกษ ');
INSERT INTO `province` (`ID`, `PROVINCE_NAME`) VALUES ('57', 'สกลนคร ');
INSERT INTO `province` (`ID`, `PROVINCE_NAME`) VALUES ('58', 'สงขลา ');
INSERT INTO `province` (`ID`, `PROVINCE_NAME`) VALUES ('59', 'สตูล ');
INSERT INTO `province` (`ID`, `PROVINCE_NAME`) VALUES ('60', 'สมุทรปราการ ');
INSERT INTO `province` (`ID`, `PROVINCE_NAME`) VALUES ('61', 'สมุทรสงคราม ');
INSERT INTO `province` (`ID`, `PROVINCE_NAME`) VALUES ('62', 'สมุทรสาคร ');
INSERT INTO `province` (`ID`, `PROVINCE_NAME`) VALUES ('63', 'สระแก้ว ');
INSERT INTO `province` (`ID`, `PROVINCE_NAME`) VALUES ('64', 'สระบุรี ');
INSERT INTO `province` (`ID`, `PROVINCE_NAME`) VALUES ('65', 'สิงห์บุรี ');
INSERT INTO `province` (`ID`, `PROVINCE_NAME`) VALUES ('66', 'สุโขทัย ');
INSERT INTO `province` (`ID`, `PROVINCE_NAME`) VALUES ('67', 'สุพรรณบุรี ');
INSERT INTO `province` (`ID`, `PROVINCE_NAME`) VALUES ('68', 'สุราษฎร์ธานี ');
INSERT INTO `province` (`ID`, `PROVINCE_NAME`) VALUES ('69', 'สุรินทร์ ');
INSERT INTO `province` (`ID`, `PROVINCE_NAME`) VALUES ('70', 'หนองคาย ');
INSERT INTO `province` (`ID`, `PROVINCE_NAME`) VALUES ('71', 'หนองบัวลำภู ');
INSERT INTO `province` (`ID`, `PROVINCE_NAME`) VALUES ('72', 'อ่างทอง ');
INSERT INTO `province` (`ID`, `PROVINCE_NAME`) VALUES ('73', 'อุดรธานี ');
INSERT INTO `province` (`ID`, `PROVINCE_NAME`) VALUES ('74', 'อุทัยธานี ');
INSERT INTO `province` (`ID`, `PROVINCE_NAME`) VALUES ('75', 'อุตรดิตถ์ ');
INSERT INTO `province` (`ID`, `PROVINCE_NAME`) VALUES ('76', 'อุบลราชธานี ');
INSERT INTO `province` (`ID`, `PROVINCE_NAME`) VALUES ('77', 'อำนาจเจริญ');
INSERT INTO `province` (`ID`, `PROVINCE_NAME`) VALUES ('', '');

